{
  "content": [
    {
      "path": "contentinfo/xperiaplay-efb-groundequipmentapp/thumbnail.jpg",
      "size": 5446,
      "date": 133603454680000000
    },
    {
      "path": "html_ui/efb_ui/efb_apps/templateapp/assets/app-icon.svg",
      "size": 989,
      "date": 134076412380000000
    },
    {
      "path": "html_ui/efb_ui/efb_apps/templateapp/assets/eham-gates.json",
      "size": 1100435,
      "date": 134076412380000000
    },
    {
      "path": "html_ui/efb_ui/efb_apps/templateapp/assets/outline.svg",
      "size": 16163,
      "date": 134076412380000000
    },
    {
      "path": "html_ui/efb_ui/efb_apps/templateapp/groundequipmentapp.css",
      "size": 42592,
      "date": 134076412380000000
    },
    {
      "path": "html_ui/efb_ui/efb_apps/templateapp/groundequipmentapp.css.map",
      "size": 172240,
      "date": 134076412380000000
    },
    {
      "path": "html_ui/efb_ui/efb_apps/templateapp/groundequipmentapp.js",
      "size": 222091,
      "date": 134076412380000000
    },
    {
      "path": "html_ui/efb_ui/efb_apps/templateapp/groundequipmentapp.js.map",
      "size": 469874,
      "date": 134076412380000000
    }
  ]
}